text,label,notes,source_thread
"Right now in the Eastern Conference 4 teams are fighting each other over the 7-10 seeds. Currently the Magic have seized the 7 seed after a 2 game skid from the Hawks. The Heat have come into form after a dismal few weeks and are threatening to move into what would have been playoff position years ago.",analysis,"Explains the standings situation with specific teams and context","The NBA Play-In has robbed us of what would have otherwise been a really fun playoff race in the East"
"The problem is that in reality none of this really matters because all four teams are locked into the play in anyway.",hot_take,"Strong claim that the race does not matter; limited support in this sentence","The NBA Play-In has robbed us of what would have otherwise been a really fun playoff race in the East"
"The Hawks and the Magic play twice more before the season ends, including in the very last game of the regular season.",analysis,"Uses schedule context to support the argument","The NBA Play-In has robbed us of what would have otherwise been a really fun playoff race in the East"
"Once again the NBA has devalued the regular season that they claim to care so much in order to suck more money out of their loyal viewers.",hot_take,"Strong opinion with accusatory framing","The NBA Play-In has robbed us of what would have otherwise been a really fun playoff race in the East"
"How is it robbing anyone? Being 7th still has an advantage over 8th. Being 8th has an advantage of 9th. Being 9th has an advantage over 10th.",analysis,"Directly reasons through seeding incentives","The NBA Play-In has robbed us of what would have otherwise been a really fun playoff race in the East"
"The games still matter for these teams a lot.",hot_take,"Clear opinion but short and lightly supported","The NBA Play-In has robbed us of what would have otherwise been a really fun playoff race in the East"
"Because as an outsider it’s not very interesting. All 4 are jumbled together and no matter where they land 7-10, two of them will advance based on how they perform in the play-in.",analysis,"Explains why the user thinks the race feels less meaningful","The NBA Play-In has robbed us of what would have otherwise been a really fun playoff race in the East"
"The NBA basically killed off the home stretch of the season in exchange for the play-in cash grab.",hot_take,"Bold unsupported claim about league motivation","The NBA Play-In has robbed us of what would have otherwise been a really fun playoff race in the East"
"U making no sense bruh",reaction,"Dismissive emotional response with no argument","The NBA Play-In has robbed us of what would have otherwise been a really fun playoff race in the East"
"This argument is just really stupid and basing it on this one race is even dumber.",reaction,"Mainly insult/emotional response","The NBA Play-In has robbed us of what would have otherwise been a really fun playoff race in the East"
"Look at the West by comparison, there is an intense race to be in the top 6 that wouldn't matter nearly as much without the play-in.",analysis,"Uses comparison to the Western Conference to support a point","The NBA Play-In has robbed us of what would have otherwise been a really fun playoff race in the East"
"robbed of what? huh",reaction,"Short confused reaction","The NBA Play-In has robbed us of what would have otherwise been a really fun playoff race in the East"
"That’s what THEY don’t want us to know.",reaction,"Joke/sarcastic response","The NBA Play-In has robbed us of what would have otherwise been a really fun playoff race in the East"
"Before we could have had a fight down to the wire to see who the Cavs and Celtics will sweep. But now we have to watch the play in tournament to see who the Cavs and Celtics will sweep",reaction,"Sarcastic joke more than serious analysis","The NBA Play-In has robbed us of what would have otherwise been a really fun playoff race in the East"
"The games still matter for better seeding in the play-in though, and having a cushion for single elimination games is huge.",analysis,"Explains why seeding still matters","The NBA Play-In has robbed us of what would have otherwise been a really fun playoff race in the East"
"True but it’s gifted us the Suns and Kings competing for 10th.",reaction,"Light reaction/commentary without detailed argument","The NBA Play-In has robbed us of what would have otherwise been a really fun playoff race in the East"
"I think the 9 and 10 seed should need to be above .500 to qualify for the play in.",analysis,"Proposes a rule change with a clear criterion","The NBA Play-In has robbed us of what would have otherwise been a really fun playoff race in the East"
"Or if not that, do what they did in the Bubble, where you need to be within three games.",analysis,"Gives a specific alternative rule with historical comparison","The NBA Play-In has robbed us of what would have otherwise been a really fun playoff race in the East"
"I think you’re right in this very specific point, but the Play-In overall is a massive net positive.",hot_take,"Balanced-sounding but broad claim without much support","The NBA Play-In has robbed us of what would have otherwise been a really fun playoff race in the East"
"I’m anti play in, especially for teams under .500 like there’s no reason why if you have a losing record you should get some fluke opportunity to luck into the playoffs.",hot_take,"Strong opinion with some reasoning but still broad and emotionally framed","The NBA Play-In has robbed us of what would have otherwise been a really fun playoff race in the East"
"Games still matter",reaction,"Very short response with no explanation","The NBA Play-In has robbed us of what would have otherwise been a really fun playoff race in the East"
"Robbed is a strong word but I get what you're saying. Overall the Play In just isn't hitting it for me.",hot_take,"Opinion-based assessment with limited support","The NBA Play-In has robbed us of what would have otherwise been a really fun playoff race in the East"
"We introduced it for COVID because teams were robbed of a chance at a late season push, but I don't know how much longer I personally will give it attention.",analysis,"Uses historical context to explain the view","The NBA Play-In has robbed us of what would have otherwise been a really fun playoff race in the East"
"Whelp apparently I’m the only one who thinks this never mind then lol",reaction,"Personal emotional response","The NBA Play-In has robbed us of what would have otherwise been a really fun playoff race in the East"
"You're right, you just overestimated how much people care about sub .500 teams being fattened for the round 1 slaughter at the hands of the Cavs and Celtics.",hot_take,"Strong opinion with colorful/exaggerated framing","The NBA Play-In has robbed us of what would have otherwise been a really fun playoff race in the East"
"Can someone please explain this to me. These highlights look awful, they have that uncanny valley feeling about them.",reaction,"Complaint/emotional reaction to highlights","Why do they speed up the highlights"
"On YouTube",reaction,"Short context response, not an argument","Why do they speed up the highlights"
"Take your finger off the screen when you watch a highlight on here",reaction,"Joke/sarcastic reply","Why do they speed up the highlights"
"Why is everything always blamed on young people?",reaction,"Short emotional/social response","Why do they speed up the highlights"
"I thought this at first, but then I played them at 95% speed on YouTube and they looked normal to me.",analysis,"Uses a specific test/observation to reason about the issue","Why do they speed up the highlights"
"Apparently when they play shows on TV they speed up the video 5 to 10 percent in order to cram more ads. Maybe they do this on YouTube because the algorithm likes shorter videos.",analysis,"Gives a possible explanation with reasoning","Why do they speed up the highlights"
"Legit thought they drafted someone I had never heard of for a second there","reaction","Immediate confused reaction","GAME THREAD: 2026 NBA Draft (First Round)"
"These family interviews suck. I want to see people breakdown strengths and weaknesses and talk about how they can fit or not fit in the team that drafted them. Wtf is this product.","analysis","Explains a criticism of draft coverage and says what analysis is missing","GAME THREAD: 2026 NBA Draft (First Round)"
"Amazing Shams didn't ruin the selection","reaction","Short surprised reaction","GAME THREAD: 2026 NBA Draft (First Round)"
"I was like WHO TF is Anissa","reaction","Immediate confused/emotional response","GAME THREAD: 2026 NBA Draft (First Round)"
"Wrap it up dad ain’t nobody give a fuck ✌️","reaction","Emotional/frustrated reaction","GAME THREAD: 2026 NBA Draft (First Round)"
"I hate how they barely do player analysis any more. I don't care about the parent interviews","hot_take","Strong opinion about coverage with limited support","GAME THREAD: 2026 NBA Draft (First Round)"
"7 picks took an hour lol. good fucking god","reaction","Frustrated live reaction","GAME THREAD: 2026 NBA Draft (First Round)"
"idc what anyone says about the Trae contract. I'll tell you right now, having Trae, Tre Johnson, AJ Dybansta, AD, and Sarr with Bilal, George, Bub and Will Riley coming off the bench is the best team I've seen basically seen in a decade. Having hope again is fun.","hot_take","Bold team-quality claim with emotional framing","GAME THREAD: 2026 NBA Draft (First Round)"
"Trae is fun as hell too. Loving this team regardless of the results","reaction","Fan emotion rather than argument","GAME THREAD: 2026 NBA Draft (First Round)"
"Whoever stole Shams phone is a hero","reaction","Joke/meme-style reaction","GAME THREAD: 2026 NBA Draft (First Round)"
"Let's be real. Everyone here is just waiting to see who clippers draft","hot_take","Broad claim about the audience with little support","GAME THREAD: 2026 NBA Draft (First Round)"
"some of yall are way too horny","reaction","Short social/emotional reaction","GAME THREAD: 2026 NBA Draft (First Round)"
"Maravich averaging 44.5 ppg in college with no 3 point line is absurd lol","analysis","Uses a specific stat to make a basketball point","GAME THREAD: 2026 NBA Draft (First Round)"
"i hope someone makes a really funny dumb trade this year ignore my flair","reaction","Joking/emotional live-thread comment","GAME THREAD: 2026 NBA Draft (First Round)"
"[Shams]: BLOCKBUSTER! The Memphis Grizzlies have traded the 3rd pick and Ja Morant to the Milwaukee Bucks in exchange for the 10th pick, the 13th pick (Miami's) and a future potential pick swap in 2072!","reaction","Clearly fake/joke trade reaction","GAME THREAD: 2026 NBA Draft (First Round)"
"How is Mikel JR’s dad named Chris?","reaction","Short confused reaction","GAME THREAD: 2026 NBA Draft (First Round)"
"The only way I see AJ not going first is if Washington picks someone else","reaction","Joke/punchline rather than serious prediction","GAME THREAD: 2026 NBA Draft (First Round)"
"Top tier commentary.","reaction","Sarcastic short reaction","GAME THREAD: 2026 NBA Draft (First Round)"
"Acuff is hyped he gets to run the team in sac. Give us kings fan this moment and stop saying he’s gonna rot. We know. But stfu tonight","reaction","Emotional fan response","GAME THREAD: 2026 NBA Draft (First Round)"
"Lisa did not want to talk to the Acuffs","reaction","Short observation/reaction","GAME THREAD: 2026 NBA Draft (First Round)"
"Hydration break","reaction","Low-context live-thread reaction","GAME THREAD: 2026 NBA Draft (First Round)"
"5 mins of ads between each pick is insane","reaction","Frustrated reaction","GAME THREAD: 2026 NBA Draft (First Round)"
"Congrats to DARIUS ACUFF JR. for making the NBA finals in a few years after beong traded from sacramento","reaction","Sarcastic joke about Kings/Sacramento","GAME THREAD: 2026 NBA Draft (First Round)"
"bro I thought it was some random reach at first LOL","reaction","Immediate amused/confused reaction","GAME THREAD: 2026 NBA Draft (First Round)"
"Dang wtf that was such a short interview and for some commercials lmfao, god I hate espn","reaction","Frustrated emotional reaction","GAME THREAD: 2026 NBA Draft (First Round)"
"Mikel Brown had a full blown segment and Acuff and his family get a two second intro and then told to fuck off lmao","reaction","Complaint/reaction to broadcast coverage","GAME THREAD: 2026 NBA Draft (First Round)"
"Gotta love an ad before the only pick I care about with no trades","reaction","Sarcastic frustrated reaction","GAME THREAD: 2026 NBA Draft (First Round)"
"This draft coverage is ASS.","hot_take","Strong unsupported criticism","GAME THREAD: 2026 NBA Draft (First Round)"
"Is Silver getting booed? Nice","reaction","Short live reaction","GAME THREAD: 2026 NBA Draft (First Round)"
"nobody with the 1st pick needs 5 minutes to decide get it on with","hot_take","Strong unsupported claim about draft timing","GAME THREAD: 2026 NBA Draft (First Round)"
"what the fuck","reaction","Short emotional response","Post some of the funniest, yet stupid serious takes you've seen people on this sub post"
"How dare they besmirch guac like that","reaction","Joke reaction","Post some of the funniest, yet stupid serious takes you've seen people on this sub post"
"Ok...I can see that","reaction","Short conversational reaction","Post some of the funniest, yet stupid serious takes you've seen people on this sub post"
"Fuck you for this! You may be right, but still fuck you!","reaction","Emotional humorous response","Post some of the funniest, yet stupid serious takes you've seen people on this sub post"
"I hate this","reaction","Short emotional response","Post some of the funniest, yet stupid serious takes you've seen people on this sub post"
"What in tarnation","reaction","Confused emotional response","Post some of the funniest, yet stupid serious takes you've seen people on this sub post"
"Last years Rockets with Curry and no Harden might not even make the playoffs","hot_take","Bold basketball claim with little support","Post some of the funniest, yet stupid serious takes you've seen people on this sub post"
"Im not so sure if I could go back the past 5 yrs maybe I would rather be the Hawks than the 3 time champion Warriors","hot_take","Extreme comparison stated as a take","Post some of the funniest, yet stupid serious takes you've seen people on this sub post"
"That's Top 5 NBA player Devin Booker for you","hot_take","Strong player-ranking claim with no support","Post some of the funniest, yet stupid serious takes you've seen people on this sub post"
"Has Kyrie already surpassed Kobe","hot_take","Bold player-comparison claim/question","Post some of the funniest, yet stupid serious takes you've seen people on this sub post"
"The 2016 Warriors are the NBA champions really","hot_take","Counterfactual championship claim with little context","Post some of the funniest, yet stupid serious takes you've seen people on this sub post"
"Some of the comments about Tatum in those Booker posts are hilarious in light of Tatum’s recent play","reaction","Reaction to old takes aging badly","Post some of the funniest, yet stupid serious takes you've seen people on this sub post"
"The hawks and warriors one is the worst take I’ve ever seen.","hot_take","Strong opinion about a take with no detailed support","Post some of the funniest, yet stupid serious takes you've seen people on this sub post"
"LMAOOOOO one of the comments were “i sometimes hate this sub” and then it’s just a parade of “delete this”. I fuckin love the idiotic nephews in this sub","reaction","Humorous/emotional response to subreddit behavior","Post some of the funniest, yet stupid serious takes you've seen people on this sub post"
"Patrick Mahomes is average if you adjust his stats to league average","hot_take","Absurd statistical claim presented as a take","Post some of the funniest, yet stupid serious takes you've seen people on this sub post"
"He took out Mahomes’ “outlier” games. To him an outlier was any game he played well above league average. So after you take out the games where he plays really well (a lot of them) his production is equivalent to Dak","analysis","Explains why the Mahomes take was flawed","Post some of the funniest, yet stupid serious takes you've seen people on this sub post"
"Completely deserved it too lol","reaction","Short judgment/reaction","Post some of the funniest, yet stupid serious takes you've seen people on this sub post"
"That guy was such a homer lol, cracks me up that he quit Reddit","reaction","Humorous reaction","Post some of the funniest, yet stupid serious takes you've seen people on this sub post"
"Quitting Reddit actually makes your life better though.","reaction","Short social reaction rather than basketball argument","Post some of the funniest, yet stupid serious takes you've seen people on this sub post"
"Joke's on us he made the right move and we're all wasting our lives","reaction","Joke/self-aware reaction","Post some of the funniest, yet stupid serious takes you've seen people on this sub post"
"Big if true","reaction","Meme-like short reaction","Post some of the funniest, yet stupid serious takes you've seen people on this sub post"
"Rob Pelinka doesn't know the salary cap.","hot_take","Strong unsupported claim about an executive","Post some of the funniest, yet stupid serious takes you've seen people on this sub post"
"The NBA should be rebranded as the MNBA, or Men's National Basketball Association. Because there's already a WNBA.","hot_take","Unusual serious proposal with minimal reasoning","Post some of the funniest, yet stupid serious takes you've seen people on this sub post"
"anybody picking jokic over okafor should be checked into a mental institution.","hot_take","Extreme unsupported player-comparison take","Post some of the funniest, yet stupid serious takes you've seen people on this sub post"
"Lol OP in that thread got massacred. How quickly things change.","reaction","Reaction to old thread aging badly","Post some of the funniest, yet stupid serious takes you've seen people on this sub post"
"Someone said Milos Teodosic was more talented than Chris Paul","hot_take","Bold player-comparison claim","Post some of the funniest, yet stupid serious takes you've seen people on this sub post"
"raptors fan back in 2016 trying to argue that jonas valanciunas was a better player than horford is the one ill remember most.","hot_take","Reports a strong player-comparison take","Post some of the funniest, yet stupid serious takes you've seen people on this sub post"
"There were people who believed we got worse after the Gasol trade and that JV was some kind of unawakened all star who was misused by Casey when in reality he's just an average big","analysis","Explains disagreement with a past roster/player evaluation","Post some of the funniest, yet stupid serious takes you've seen people on this sub post"
"I saw a thread this offseason that was upvoted and lot of people agreed that they would take jeff teague over ben simmons.","hot_take","Strong player-comparison take with little support","Post some of the funniest, yet stupid serious takes you've seen people on this sub post"
"Man that take is so hot my brain is melting.","reaction","Emotional reaction to a hot take","Post some of the funniest, yet stupid serious takes you've seen people on this sub post"
"Over/under on unhinged comments?","reaction","Joke/reaction about the AMA comments","AMA: Cameron Boozer, AJ Dybantsa, Darryn Peterson, and more prospects from the 2026 NBA Draft Media Circuit joining Monday, June 22nd at 5:00 PM ET"
"Cameron Boozer, what kind of bad basketball habits did your dad have during his NBA career, which he didn't want you to have as well?","analysis","Question asks about player development and habits from an NBA family context","AMA: Cameron Boozer, AJ Dybantsa, Darryn Peterson, and more prospects from the 2026 NBA Draft Media Circuit joining Monday, June 22nd at 5:00 PM ET"
"What's one thing fans completely misunderstand about being a top NBA prospect?","analysis","Asks for insight into prospect experience and fan perception","AMA: Cameron Boozer, AJ Dybantsa, Darryn Peterson, and more prospects from the 2026 NBA Draft Media Circuit joining Monday, June 22nd at 5:00 PM ET"
"What singular interaction, like a conversation or piece of advice do you feel was most responsible to getting you where you are? Was it with a family member, teammate, coach or someone else?","analysis","Asks about development path and meaningful advice","AMA: Cameron Boozer, AJ Dybantsa, Darryn Peterson, and more prospects from the 2026 NBA Draft Media Circuit joining Monday, June 22nd at 5:00 PM ET"
"To Darryn Peterson, If it is better for the team would you be willing to play shooting guard next to a lead point guard or should the team adapt to you.","analysis","Asks a role/fit question about position and team construction","AMA: Cameron Boozer, AJ Dybantsa, Darryn Peterson, and more prospects from the 2026 NBA Draft Media Circuit joining Monday, June 22nd at 5:00 PM ET"
"What level of choking can we expect from you in the NBA following march madness, like De’Aaron fox levels or Devin Booker","hot_take","Loaded negative question framed as a bold criticism","AMA: Cameron Boozer, AJ Dybantsa, Darryn Peterson, and more prospects from the 2026 NBA Draft Media Circuit joining Monday, June 22nd at 5:00 PM ET"
"To Cameron Boozer, just how much of an advantage did having an NBA dad provide for your development?","analysis","Asks about developmental advantage and background","AMA: Cameron Boozer, AJ Dybantsa, Darryn Peterson, and more prospects from the 2026 NBA Draft Media Circuit joining Monday, June 22nd at 5:00 PM ET"
"What are some things that you had access to, that any normal kid probably wouldn’t?","analysis","Asks for context about resources and player development","AMA: Cameron Boozer, AJ Dybantsa, Darryn Peterson, and more prospects from the 2026 NBA Draft Media Circuit joining Monday, June 22nd at 5:00 PM ET"
"Don't understand why Caleb Wilson isn't consistently recognized in this same conversation as top 3.","hot_take","Strong prospect-ranking opinion with limited support","AMA: Cameron Boozer, AJ Dybantsa, Darryn Peterson, and more prospects from the 2026 NBA Draft Media Circuit joining Monday, June 22nd at 5:00 PM ET"
"Because his floor is way further down than these 3.","hot_take","Short prospect evaluation claim with little explanation","AMA: Cameron Boozer, AJ Dybantsa, Darryn Peterson, and more prospects from the 2026 NBA Draft Media Circuit joining Monday, June 22nd at 5:00 PM ET"
"It's absolutely not lower. He played all three last year and did better than all three, including wins over Duke and Kansas.","analysis","Uses matchup results and performance comparison as evidence","AMA: Cameron Boozer, AJ Dybantsa, Darryn Peterson, and more prospects from the 2026 NBA Draft Media Circuit joining Monday, June 22nd at 5:00 PM ET"
"This has very little to do with his nba floor","analysis","Makes a reasoning-based distinction between past performance and NBA projection","AMA: Cameron Boozer, AJ Dybantsa, Darryn Peterson, and more prospects from the 2026 NBA Draft Media Circuit joining Monday, June 22nd at 5:00 PM ET"
"What’s ur favorite color?","reaction","Low-context casual AMA question, not basketball analysis","AMA: Cameron Boozer, AJ Dybantsa, Darryn Peterson, and more prospects from the 2026 NBA Draft Media Circuit joining Monday, June 22nd at 5:00 PM ET"
"From a historical half-time Finals lead to an all-time choke job. This series is on crack.","reaction","Emotional reaction to the comeback and collapse","[Highlight] OG Anunoby tips the ball in to give the Knicks the lead"
"The Spurs' greatest strength is their biggest weakness. Crazy energy and effort from their youth. But, they get a lead and think it's over. Happened time and time again through these playoffs","analysis","Explains a team pattern using youth, effort, and late-game behavior","[Highlight] OG Anunoby tips the ball in to give the Knicks the lead"
"That's not true. Our biggest weakness is that we have absolutely no offensive scheme besides be better. We don't do long ball movement chains, we don't really use pick and rolls much. We just rely on one of our guys being able to get into space and then kick it out.","analysis","Detailed basketball explanation about offensive scheme and shot creation","[Highlight] OG Anunoby tips the ball in to give the Knicks the lead"
"I think there really isn't a real system built for deep playoffs run yet for your roster. Nobody expected the Spurs to reach the finals. You guys already exceeded a lot of expectations this season.","analysis","Explains roster/system limitations and playoff expectations","[Highlight] OG Anunoby tips the ball in to give the Knicks the lead"
"Is the start of blame the coach? That's step 1, once he's gone then it's time to blame the players","hot_take","Broad claim about blame shifting with little support","[Highlight] OG Anunoby tips the ball in to give the Knicks the lead"
"Now that you say that, I can't think of even a single pick play by the Spurs.","analysis","Specific observation about Spurs offensive actions","[Highlight] OG Anunoby tips the ball in to give the Knicks the lead"
"Get pop out there","reaction","Short emotional/coaching reaction","[Highlight] OG Anunoby tips the ball in to give the Knicks the lead"
"You go through the Knicks, you have to go piece by piece through the entire city. Like the end of elevated train sequence in Spider-Man 2.","reaction","Joke/metaphor reaction","[Highlight] OG Anunoby tips the ball in to give the Knicks the lead"
"I think it’s more resolve / grit on the Knicks side","hot_take","Short opinion with limited explanation","[Highlight] OG Anunoby tips the ball in to give the Knicks the lead"
"Agree, but also they run out of gas. By the 4th. Knicks went deep into their bench tonight and absolutely needed every body on that bench tonight.","analysis","Explains fatigue and bench usage as part of the result","[Highlight] OG Anunoby tips the ball in to give the Knicks the lead"
"I'm vibrating and the scream I made when it happened probably scared my neighbors","reaction","Strong emotional fan reaction","[Highlight] OG Anunoby tips the ball in to give the Knicks the lead"
"Saturday is going to be crazy in NYC with Game 5 and Brazil vs Morocco.","reaction","Event/fan excitement reaction","[Highlight] OG Anunoby tips the ball in to give the Knicks the lead"
"Holy fucking shit. That’s the most clutch tip I’ve ever seen","reaction","Immediate hype reaction","[Highlight] OG Anunoby tips the ball in to give the Knicks the lead"
"Biggest shot in Knicks history","hot_take","Bold historical claim with no support","[Highlight] OG Anunoby tips the ball in to give the Knicks the lead"
"Given the circumstances that’s maybe the biggest ever. That was nuts in the craziest game it ends like that","hot_take","Big historical claim with emotional framing","[Highlight] OG Anunoby tips the ball in to give the Knicks the lead"
"Sir, what? Ray Allen hit a 3 down 3 with 5 seconds remaining, down 3-2 in the series lol","analysis","Uses historical comparison to challenge a claim","[Highlight] OG Anunoby tips the ball in to give the Knicks the lead"
"Ray Allen, kyrie, and kawhi all bigger for sure but it’s up there!","analysis","Compares the play to other famous playoff shots","[Highlight] OG Anunoby tips the ball in to give the Knicks the lead"
"BUILD HIM A STATUE NEW YORK PLEASE","reaction","Hype/emotional reaction","[Highlight] OG Anunoby tips the ball in to give the Knicks the lead"
"Gotta be one of the biggest plays in NBA Finals history. Tip in to win the game in the biggest comeback in finals history","hot_take","Large historical claim with limited reasoning","[Highlight] OG Anunoby tips the ball in to give the Knicks the lead"
"If the Knicks close out, this has the potential to be one of the most iconic plays of all time","hot_take","Bold prediction about legacy/iconic status","[Highlight] OG Anunoby tips the ball in to give the Knicks the lead"
"Also in front of a rabid MSG going crazy instead of shocked away fans. Also giving New York the first home finals win in over 30 years","analysis","Uses context and stakes to explain why the play matters","[Highlight] OG Anunoby tips the ball in to give the Knicks the lead"
"DONT FORGET THE BLOCK","reaction","Short hype reaction","[Highlight] OG Anunoby tips the ball in to give the Knicks the lead"
"OG is fucking awesome. Like seriously - the dude is just a straight up baller","reaction","Emotional praise without analysis","[Highlight] OG Anunoby tips the ball in to give the Knicks the lead"
"We should call this The Tip","reaction","Short naming/meme reaction","[Highlight] OG Anunoby tips the ball in to give the Knicks the lead"
"Inbound and then scored the tip in. Insane hustle play.","analysis","Describes the sequence and why it was impressive","[Highlight] OG Anunoby tips the ball in to give the Knicks the lead"
"I saw the comments about it before the clip. This was way crazier than I imagined.","reaction","Viewer reaction to the highlight","[Highlight] OG Anunoby tips the ball in to give the Knicks the lead"
"Mike Brown drew up some shit not seen since Picasso on that play","reaction","Joke/praise reaction to the play design","[Highlight] OG Anunoby tips the ball in to give the Knicks the lead"
"Derrick White tip in against the Heat to force Game 7 is up there","analysis","Compares this play to another similar playoff moment","[Highlight] OG Anunoby tips the ball in to give the Knicks the lead"
"I'm shaking","reaction","Immediate emotional response","[Highlight] OG Anunoby tips the ball in to give the Knicks the lead"
"I mean, they’re young, you’re gonna take your lumps along the way. They absolutely choked this game, but even in the series they’ve had chances to win every single game down the stretch. Their inexperience is really showing in clutch situations, and De’Aaron fox being the vet doing that dumb shit is almost poetic","analysis","Explains the loss using youth, inexperience, clutch execution, and veteran mistake","[Highlight] OG Anunoby tips the ball in to give the Knicks the lead"
"Giannis averaged 30/12/6 on 60 fg 62.5 TS",analysis,"Uses specific player statistics for comparison","Who is better right now Giannis or Jokic?"
"Jokic averaged 29/12/10 on 57 fg and 66.3 ts",analysis,"Uses specific player statistics for comparison","Who is better right now Giannis or Jokic?"
"I think the gap between the two is closer than people think Jokic is a better offensive player but Giannis is an elite offense player also and better on defense.",analysis,"Compares offense and defense to support a ranking","Who is better right now Giannis or Jokic?"
"Evaluating two players takes more than 5 numbers.",analysis,"Makes a methodological point about player evaluation","Who is better right now Giannis or Jokic?"
"Gimme joker",hot_take,"Short player preference without support","Who is better right now Giannis or Jokic?"
"Jokic vs Giannis post? Daring today aren't we?",reaction,"Meta/sarcastic reaction to repetitive debate","Who is better right now Giannis or Jokic?"
"The answer is whoever you want to create an agenda for lol, their that close so it's not really worth arguing imo",reaction,"Humorous/social reaction to the debate","Who is better right now Giannis or Jokic?"
"No it’s not lmao it’s obvious Jokic. Reddit is the only platform where people even pretend this is a debate.",hot_take,"Strong claim with dismissive framing and little evidence","Who is better right now Giannis or Jokic?"
"Your hinting there is no comparison, when there is even if Jokic is like 80% leaned. I lean Jokic, but to pretend there isn't an argument for Giannis is dumb",analysis,"Explains why the debate still has a valid comparison","Who is better right now Giannis or Jokic?"
"Giannis is the much better 2 way player",hot_take,"Short claim with little support","Who is better right now Giannis or Jokic?"
"Joker has a more complete offensive game",hot_take,"Short player-evaluation claim with little support","Who is better right now Giannis or Jokic?"
"Jokic. Those 4 extra assists a game tells you how much he’s getting his team involved which equates to actual wins. Plus he’s taking less shots than Giannis but basically tying him for points a game",analysis,"Uses assists, shot volume, and points to justify Jokic","Who is better right now Giannis or Jokic?"
"Yet he bleeds points on the other end so those 4 extra assist is a wash.",hot_take,"Strong defensive counterclaim with limited evidence","Who is better right now Giannis or Jokic?"
"Giannis. I'm always going to pick a person that plays both ways when it's this close",analysis,"Gives a clear reason based on two-way impact","Who is better right now Giannis or Jokic?"
"Jokic - and he has been the best player in the league since his first MVP.",hot_take,"Strong ranking claim with no detailed support","Who is better right now Giannis or Jokic?"
"It’s sad if you comment Giannis you get downvoted",reaction,"Social reaction to subreddit behavior","Who is better right now Giannis or Jokic?"
"1v1 Giannis is better but in a 5v5, Jokic makes his team better in a way Giannis doesn’t.",analysis,"Distinguishes individual matchup value from team impact","Who is better right now Giannis or Jokic?"
"If I have a great team, I want Giannis. If I have a good team I’m trying to push to be great, I want Jokic.",analysis,"Explains player choice based on team context","Who is better right now Giannis or Jokic?"
"Individual defense is insanely overrated. The Nuggets played great defense all post season last year.",hot_take,"Broad claim about defense with limited evidence","Who is better right now Giannis or Jokic?"
"If Jokic was a good defender, they win vs OKC",hot_take,"Strong counterfactual claim with little support","Who is better right now Giannis or Jokic?"
"Nap time nephew.",reaction,"Dismissive emotional response","Who is better right now Giannis or Jokic?"
"Giannis for bad rosters and Jokic for okay/good rosters",analysis,"Makes a context-based player comparison","Who is better right now Giannis or Jokic?"
"its jokic in any circumstance. giannis' lack playmaking, IQ and half-court offense hurts him incredibly compared to jokic. his defense doesnt make up that gap",analysis,"Explains Jokic preference through playmaking/IQ/half-court offense","Who is better right now Giannis or Jokic?"
"Ive never seen a player lack playmaking and IQ have a 20 assist game",analysis,"Uses a specific counterexample to challenge the claim","Who is better right now Giannis or Jokic?"
"I don’t think Jokic would be more effective than Giannis with the current Bucks roster. Jokic is still the better player.",analysis,"Separates roster fit from overall player ranking","Who is better right now Giannis or Jokic?"
"I'll take Jokic specially if the roster is bad. He really raises the floor for the team. Giannis is great at that too but Jokic is ahead there, in my opinion.",analysis,"Explains Jokic preference using floor-raising argument","Who is better right now Giannis or Jokic?"
"It’s a fair take. If you have a ball handler as good or better than Murray I’ll take Jokic. If there’s no one with on ball juice I’ll take Giannis",analysis,"Uses roster construction and ball-handling context","Who is better right now Giannis or Jokic?"
"Somebody didn't watch the 2021-2022 Nuggets, both of those guys are impressive and you can pick whoever you want imo.",reaction,"Conversational reaction to another argument","Who is better right now Giannis or Jokic?"
"I would pick Jokic because of his durability and how well I'm sure his game will age, however Giannis is underrated.",analysis,"Gives durability and aging as reasons","Who is better right now Giannis or Jokic?"
"GIANNIS",hot_take,"One-word player preference without explanation","Who is better right now Giannis or Jokic?"
"I am aware that the business owner would like me to stop wasting time w the union and take advantage of a more agile labor envrionment.","reaction","Sarcastic/social reaction to the business framing","Were you aware of the Load Management study by the NBA that concluded it's a made-up concept that doesn't work?"
"Football doesn't cause CTE. - NFL","reaction","Sarcastic analogy rather than detailed argument","Were you aware of the Load Management study by the NBA that concluded it's a made-up concept that doesn't work?"
"FWIW, the NBA called this one independent research.","analysis","Adds context about how the NBA described the study","Were you aware of the Load Management study by the NBA that concluded it's a made-up concept that doesn't work?"
"The report doesn’t insist that load management doesn’t work. There needs to be a balance between rest and recovery.","analysis","Clarifies the study's conclusion and adds nuance","Were you aware of the Load Management study by the NBA that concluded it's a made-up concept that doesn't work?"
"Wow Load Managment doesn't work. Just like football players aren't at a higher risk of getting CTE.","reaction","Sarcastic emotional response comparing league studies","Were you aware of the Load Management study by the NBA that concluded it's a made-up concept that doesn't work?"
"It doesn't prove or disprove anything. It literally just says it can't prove that it works and it was used as justification for the Player Participation Program.","analysis","Explains the difference between no proof and disproving the concept","Were you aware of the Load Management study by the NBA that concluded it's a made-up concept that doesn't work?"
"The load management was never about reducing injury. Greg Popovich had some really old men on his team and wanted to not put a lot of wear and tear on them to save them for the playoffs.","analysis","Uses historical context about the Spurs to explain load management","Were you aware of the Load Management study by the NBA that concluded it's a made-up concept that doesn't work?"
"The only thing load management does is help older players keep their legs for longer.","hot_take","Strong broad claim with limited support","Were you aware of the Load Management study by the NBA that concluded it's a made-up concept that doesn't work?"
"To be fair, Pop was sitting them in nationally televised games when they were contending with the Heat.","analysis","Adds specific context about when Pop rested players","Were you aware of the Load Management study by the NBA that concluded it's a made-up concept that doesn't work?"
"My recollection was he was sitting them in nationally televised games that were parts of back-to-backs or 3-in-4's to protest the NBA creating such grueling schedules to accommodate the TV lineup.","analysis","Explains an alternative reason for Pop's resting strategy","Were you aware of the Load Management study by the NBA that concluded it's a made-up concept that doesn't work?"
"Why? Those fans paid to see the stars, especially if the game is in Charlotte","hot_take","Opinion about fans deserving to see stars with limited reasoning","Were you aware of the Load Management study by the NBA that concluded it's a made-up concept that doesn't work?"
"There is no such thing as wear and tear, there is just injuries.","hot_take","Strong claim stated confidently with limited support","Were you aware of the Load Management study by the NBA that concluded it's a made-up concept that doesn't work?"
"With older players it sometimes makes sense to rest them on back to backs because they usually aren't in as good physical shape as the younger players.","analysis","Explains a specific condition where rest may make sense","Were you aware of the Load Management study by the NBA that concluded it's a made-up concept that doesn't work?"
"That is just incorrect. Cumulative fatigue is absolutely a thing.","hot_take","Direct strong disagreement with limited support in this sentence","Were you aware of the Load Management study by the NBA that concluded it's a made-up concept that doesn't work?"
"Very intense training over extended periods of time, added with weird start times and lots of travel to make daily routines tough, can run the body and mind down.","analysis","Explains cumulative fatigue using travel, schedule, and training load","Were you aware of the Load Management study by the NBA that concluded it's a made-up concept that doesn't work?"
"Law of diminishing returns. Exercise increases stamina up to a certain point, then begins to have a negative impact.","analysis","Uses a general principle to explain fatigue and overtraining","Were you aware of the Load Management study by the NBA that concluded it's a made-up concept that doesn't work?"
"Most of these players are injury time bombs because of what happens before they get to the NBA.","hot_take","Strong broad claim about player injury risk","Were you aware of the Load Management study by the NBA that concluded it's a made-up concept that doesn't work?"
"They play too much as teens and have old man body problems by their mid-twenties despite being world-class athletes.","analysis","Explains injury risk through pre-NBA workload","Were you aware of the Load Management study by the NBA that concluded it's a made-up concept that doesn't work?"
"Players are moving more each game, covering more ground, and moving laterally.","analysis","Gives a basketball-specific reason modern play may affect injuries","Were you aware of the Load Management study by the NBA that concluded it's a made-up concept that doesn't work?"
"Analytics are pushing the game toward a more injury-prone style, same as what's happened to MLB pitchers.","analysis","Compares NBA movement trends to MLB pitcher injury trends","Were you aware of the Load Management study by the NBA that concluded it's a made-up concept that doesn't work?"
"Have you heard of the tobacco studies sponsored by the tobacco industry?","reaction","Sarcastic challenge to the study's credibility","Were you aware of the Load Management study by the NBA that concluded it's a made-up concept that doesn't work?"
"I like how OP conveniently left out this line: the report doesn’t insist that load management doesn’t work.","analysis","Identifies missing context from the article","Were you aware of the Load Management study by the NBA that concluded it's a made-up concept that doesn't work?"
"Lies I saw spurs do it with Duncan and had great success","hot_take","Strong counterclaim based on one example","Were you aware of the Load Management study by the NBA that concluded it's a made-up concept that doesn't work?"
"So metadata study? If it was a longitudinal study I would give it more weight.","analysis","Questions the study design and evidence strength","Were you aware of the Load Management study by the NBA that concluded it's a made-up concept that doesn't work?"
"It can only say that current load management seemingly doesn't work, not that the concept in itself doesn't work.","analysis","Clearly distinguishes current practice from the broader concept","Were you aware of the Load Management study by the NBA that concluded it's a made-up concept that doesn't work?"
"Not claiming that it is. The report does not insist load management does not work. It says the evidence is not strong enough to prove it works.","analysis","Clarifies the difference between disproving a concept and lacking evidence","Were you aware of the Load Management study by the NBA that concluded it's a made-up concept that doesn't work?"
"The league has an obvious financial reason to want stars playing more games.","analysis","Explains incentive behind the league's position","Were you aware of the Load Management study by the NBA that concluded it's a made-up concept that doesn't work?"
"Fans pay real money to see specific players, so teams resting stars without notice is a real problem.","analysis","Connects fan experience to player participation rules","Were you aware of the Load Management study by the NBA that concluded it's a made-up concept that doesn't work?"
"Load management is just teams gaming the regular season.","hot_take","Strong broad claim with little support","Were you aware of the Load Management study by the NBA that concluded it's a made-up concept that doesn't work?"
"If a player is already dealing with soreness, sitting one game of a back-to-back can still be reasonable even if broad load management studies are inconclusive.","analysis","Nuanced distinction between general policy and individual medical decisions","Were you aware of the Load Management study by the NBA that concluded it's a made-up concept that doesn't work?"
"People act like 82 games plus travel is normal for the human body.","hot_take","Strong opinion about schedule stress with limited evidence","Were you aware of the Load Management study by the NBA that concluded it's a made-up concept that doesn't work?"
"The issue is not only minutes played, it is travel, recovery time, sleep schedule, and intensity of movement.","analysis","Breaks down multiple variables behind fatigue","Were you aware of the Load Management study by the NBA that concluded it's a made-up concept that doesn't work?"
"NBA really said trust us bro.","reaction","Sarcastic reaction to the study/league position","Were you aware of the Load Management study by the NBA that concluded it's a made-up concept that doesn't work?"
"This feels like the league finding the conclusion it wanted.","hot_take","Strong skepticism with limited direct evidence","Were you aware of the Load Management study by the NBA that concluded it's a made-up concept that doesn't work?"
"A study not finding proof of benefit does not automatically mean rest has no benefit; it may mean the variables are hard to isolate.","analysis","Explains a methodological limitation of the study","Were you aware of the Load Management study by the NBA that concluded it's a made-up concept that doesn't work?"
